Business Name,Category,Full Address,Phone,Website,Rating (5),Phone Verified,Source
Pellico 3 Milano,restaurants,"Via Silvio Pellico, 3, 20121 Milano MI",02 8821 1234,https://pellico3milano.it,4.9,Yes,Google Maps
Moon Cafè,restaurants,"Piazza Giovanni Perego, 7, 20154 Milano MI",,,4.9,No,Google Maps
Sine by Di Pinto,restaurants,"Viale Umbria, 126, 20135 Milano MI",02 3659 4613,http://sinerestaurant.com,4.8,Yes,Google Maps
Ristorante Bosco Verticale,restaurants,"Via Volturno, Via Federico Confalonieri, 15, 20124 Milano MI",02 688 0836,,4.7,Yes,Google Maps
142 Restaurant & Café Bistrot,restaurants,"Corso Cristoforo Colombo, 6, 20144 Milano MI",349 856 1278,http://www.142.restaurant,4.7,Yes,Google Maps
Pasta Fresca Da Giovanni,restaurants,"Via Ascanio Sforza, 31, 20136 Milano MI",347 259 6011,https://pastafrescadagiovanni.altervista.org,4.7,Yes,Google Maps
L'Amùri Sicilian Restaurant Milano,restaurants,"Via Maestri Campionesi, 30, 20135 Milano MI",02 3653 2833,https://www.lamuri.it,4.7,Yes,Google Maps
Il Giardino Bar & Restaurant,restaurants,"Via Giovanni Battista Fauchè, 15, 20154 Milano MI",338 666 6932,https://www.unaitalianhospitality.com/it/ristoranti/il-giardino-restaurant,4.7,Yes,Google Maps
Deros Ristorante,restaurants,"Via Romagnosi, 4, 20121 Milano MI",349 720 7698,https://www.derosmilano.it,4.7,Yes,Google Maps
ZAÏA,restaurants,"P.za Ventiquattro Maggio, 8, 20123 Milano MI",02 8941 5901,https://www.aethos.com/dining/milan-cima,4.6,Yes,Google Maps
Govinda Restaurant,restaurants,"V. Valpetrosa, 5, 20123 Milano MI",02 4941 2043,http://www.govindamilano.it,4.6,Yes,Google Maps
La Rosa dei Venti,restaurants,"V. Piero della Francesca, 34, 20154 Milano MI",02 347338,,4.6,Yes,Google Maps
BLUE M - BOTTEGA MARCHIGIANA,restaurants,"Via Lanzone, 27, 20123 Milano MI",02 9738 6209,http://www.bottegamarchigiana.net,4.6,Yes,Google Maps
Ribot,restaurants,"Via Marco Cremosano, 41, 20148 Milano MI",02 3300 1646,http://www.ribotmilano.it,4.6,Yes,Google Maps
Nerino Dieci Trattoria,restaurants,"Via Nerino, 10, 20123 Milano MI",02 3983 1019,http://www.nerinodieci.it,4.6,Yes,Google Maps
Trippa,restaurants,"Via Giorgio Vasari, 1, 20135 Milano MI",327 668 7908,http://www.trippamilano.it,4.6,Yes,Google Maps
Trattoria de la Trebia Milano,restaurants,"Via Trebbia, 32, 20135 Milano MI",02 551 3380,http://www.trattorialatrebia.it,4.6,Yes,Google Maps
Ristorante Rubacuori,restaurants,"Château Monfort, Corso Concordia, 1, 20129 Milano MI",02 776761,https://www.hotelchateaumonfort.com/it/dining/rubacuori.html,4.6,Yes,Google Maps
Vik Pellico Otto Restaurant,restaurants,"Via Silvio Pellico, 8, 20121 Milano MI",340 606 8187,https://www.vikpellicootto.com,4.6,Yes,Google Maps
SPICE VILLAGE RESTAURANT MILANO HALAL FOODS,restaurants,"Via Franchino Gaffurio, 8, 20124 Milano MI",02 3675 3230,,4.6,Yes,Google Maps
Acanto,restaurants,"Piazza della Repubblica, 17, 20124 Milano MI",02 6230 2026,https://www.dorchestercollection.com/milan/hotel-principe-di-savoia/dining/acanto-restaurant,4.6,Yes,Google Maps
Maccheroni - La Carbonara N°1 di Milano,restaurants,"Via S. Carpoforo, 7, 20121 Milano MI",02 3831 3245,https://maccheronirestaurants.com,4.6,Yes,Google Maps
Cantine MILANO - WINE RESTAURANT,restaurants,"Via Traù, 1, 20159 Milano MI",02 6680 2819,http://www.cantinemilano.com,4.6,Yes,Google Maps
Forte Milano,restaurants,"Via Benvenuto Cellini, 14, 20129 Milano MI",02 9476 7782,https://fortemilano.com,4.6,Yes,Google Maps
Ristorante Galleria,restaurants,"Galleria Vittorio Emanuele II, 75, 20121 Milano MI",02 8646 4912,https://ristorantegalleria.it,4.5,Yes,Google Maps
Risoelatte Duomo,restaurants,"Via Manfredo Camperio, 6, 20123 Milano MI",02 3983 1040,https://risoelatte.com,4.5,Yes,Google Maps
Cactus Milano,restaurants,"Via Varese, 4, 20121 Milano MI",347 054 4982,https://cactusmilano.it,4.5,Yes,Google Maps
Osteria Conchetta,restaurants,"Via Conchetta, 8, 20136 Milano MI",02 837 2917,https://www.osteriaconchetta.it,4.5,Yes,Google Maps
Le Striatelle di nonna Mafalda,restaurants,"Via Vigevano, 11, 20144 Milano MI",02 3981 1590,http://lestriatelle.it,4.5,Yes,Google Maps
Terrazza Calabritto Milano,restaurants,"Viale Monte Grappa, 7, 20124 Milano MI",02 6379 3923,http://milano.terrazzacalabritto.it,4.5,Yes,Google Maps
Bistrot Bertarelli 1894 Milano,restaurants,"Corso Italia, 10, 20122 Milano MI",02 1241 28310,http://www.bistrotbertarelli1894.com,4.5,Yes,Google Maps
La Volta at RH Milan,restaurants,"Corso Venezia, 56, 20121 Milano MI",02 8128 9528,https://rh.com/milan/lavolta,4.5,Yes,Google Maps
Trattoria Mibabbo,restaurants,"Via Lazzaro Papi angolo, C.so Lodi, 20135 Milano MI",02 4548 8997,http://www.mibabbo.it,4.5,Yes,Google Maps
Ristorante Belé Navigli,restaurants,"Via Angelo Fumagalli, 3, 20143 Milano MI",02 3664 2933,,4.5,Yes,Google Maps
All'Antico Vinaio Milano,restaurants,"Piazza Luigi di Savoia, 1/15, 20124 Milano MI",02 6707 6735,https://www.allanticovinaio.com,4.4,Yes,Google Maps
Mercato Centrale Milano,restaurants,"Via Giovanni Battista Sammartini, 2, 20125 Milano MI",02 3792 8400,https://www.mercatocentrale.it/milano,4.4,Yes,Google Maps
Paper Moon Giardino,restaurants,"Via Bagutta, 12, 20121 Milano MI",02 7600 9895,https://www.papermoongiardino.com,4.4,Yes,Google Maps
Osteria Mamma Rosa-Ristorante pesce Milano,restaurants,"P.zza Cincinnato, 4, 20124 Milano MI",02 2952 2076,http://www.osteriamammarosa.it,4.4,Yes,Google Maps
Etereo,restaurants,"Piazzetta M. Bossi, 2, 20121 Milano MI",02 3054 35416,https://www.etereorooftop.com/it,4.2,Yes,Google Maps
Maio Restaurant Milano,restaurants,"Via Santa Radegonda, 3, 20121 Milano MI",02 885 2455,http://www.maiorestaurant.com,3.9,Yes,Google Maps
The Dome | Rooftop & Restaurant,restaurants,"Via Giuseppe Mazzini, 2, 20123 Milano MI",345 150 7992,http://www.thedomemilano.com,3.7,Yes,Google Maps
